Number,User,Edit Count,User Groups
1,Ser Amantio di Nicolao,"5,480,421","AP, Ad"
2,BrownHairedGirl,"2,925,006","AP, ECo, EM, F, N, Rv, Ro, TE"
3,BD2412,"2,195,924","AP, IP, Ad"
4,Koavf,"2,137,047","AP, ECo, EM, F, N, Rv, Ro, TE"
5,Jevansen,"2,122,363","AP, ECo, EM, Rv, Ro"
6,Tom.Reding,"1,818,617","ECo, EM, TE"
7,Materialscientist,"1,733,984","EFM, AP, Ch, Ad"
8,Rich Farmbrough,"1,712,810","AP, ECo, F, Rv, Ro, TE"
9,Lugnuts,"1,509,055","ECo, EM, N, Rv"
10,Bearcat,"1,375,158","AP, Ad"
11,Waacstats,"1,348,587","AP, ECo, Rv"
12,Tassedethe,"1,213,093","AP, Ad"
13,Hmains,"1,212,261","AP, ECo, Rv"
14,Tim!,"962,359",
15,Rjwilmsi,"930,961","ECo, Rv, Ro"
16,Frietjes,"919,898","AP, ECo, TE"
17,Red Director,"918,347",ECo
18,Magioladitis,"904,171","ECo, Ro"
19,Dl2000,"779,104","AP, ECo, N, Rv, Ro"
20,Hugo999,"775,943","AP, ECo, Rv"
21,WOSlinker,"769,162",Ad
22,Chris the speller,"738,102","AP, ECo, Rv"
23,John of Reading,"719,096","AP, ECo, Rv"
24,Northamerica1000,"705,645","AP, Ad"
25,Lepricavark,"700,597","ECo, Ro"
26,Dimadick,"697,020","AP, ECo, Rv"
27,Good Olfactory,"688,949",Ad
28,Onel5969,"688,699","AP, ECo, EM, N, Rv, Ro"
29,Rodw,"641,651","AP, EvCo, ECo, N, Rv, Ro"
30,WhisperToMe,"631,029","AP, ECo"
31,Dr. Blofeld,"630,726","AP, ECo, Rv, Ro, TE"
32,Ss112,"624,801","AP, ECo, EM, F, IP, Rv, Ro"
33,Woohookitty,"611,143",Ad
34,GoingBatty,"585,224","AP, ECo, IP, Rv, Ro"
35,Plantdrew,"574,433","AP, ECo, N"
36,Johnsoniensis,"557,655",ECo
37,Simeon,"552,633","AP, ECo"
38,Rathfelder,"548,560",ECo
39,Bgwhite,"547,151",ECo
40,I dream of horses,"543,164","AP, ECo, EM, N, Rv, Ro"
41,Another Believer,"530,592","AP, EvCo, ECo, EM, F, MM, Rv, Ro"
42,GiantSnowman,"527,580","AP, Ad"
43,Jweiss11,"525,620","AP, ECo, F, N, Rv"
44,TAnthony,"520,261","AP, ECo, EM, F, N, Rv, Ro, TE"
45,Arjayay,"519,813","AP, ECo, Rv, Ro"
46,Johnpacklambert,"518,885","AP, ECo, Rv"
47,Keith D,"517,026","AP, Ad"
48,Markussep,"507,918","AP, ECo, EM, Rv, TE"
49,Sfan00 IMG,"505,076",
50,Carlossuarez46,"501,458",
51,Liz,"500,987","AP, Ad"
52,Dthomsen8,"498,600","AP, ECo, MM, Rv, Ro"
53,Gilliam,"496,681",Ad
54,Oshwah,"489,935","EFM, AP, Ch, IAd, O, Ad"
55,Alansohn,"486,582","AP, ECo, Rv, Ro"
56,Serols,"477,090","ECo, Rv"
57,GrahamHardy,"473,724","AP, ECo, Rv"
58,Bender235,"469,893","AP, ECo, Rv, Ro, TE"
59,Gene93k,"465,959","AP, ECo, N, Rv"
60,Kwamikagami,"461,817","AP, ECo, TE"
61,Mattythewhite,"458,126","AP, Ad"
62,Jllm06,"457,466","AP, ECo, Rv"
63,[Placeholder],"457,369",
64,Binksternet,"446,752","AP, ECo, F, Rv"
65,GoodDay,"445,379","AP, ECo, Rv"
66,Zyxw,"442,567","AP, ECo, EM, Rv, TE"
67,Kante4,"436,327","AP, ECo, Rv, Ro"
68,Marcocapelle,"435,355","ECo, EM"
69,Dawnseeker2000,"434,907","AP, ECo, F, N, Rv, Ro"
70,Dicklyon,"431,660","AP, ECo, Ro"
71,Trappist the monk,"429,947",Ad
72,Colonies Chris,"426,948","AP, ECo, Rv, Ro"
73,Courcelles,"418,875","EFM, AP, Ch, Ad"
74,Headbomb,"417,760","EFM, AP, ECo, EM, F, N, Rv, Ro, TE"
75,Fortdj33,"416,647","AP, ECo, Rv, Ro"
76,Ronhjones,"416,566",
77,Narky Blert,"416,206","AP, ECo, EM"
78,LilHelpa,"412,974","ECo, Rv"
79,Niceguyedc,"412,716","AP, ECo, EM, Rv, Ro"
80,KylieTastic,"411,382","AP, ECo, F, N, Rv, Ro"
81,R'n'B,"410,026",Ad
82,Starcheerspeaksnewslostwars,"409,918","ECo, Rv"
83,Aboutmovies,"409,238","AP, ECo, IP, Rv, Ro"
84,[Placeholder],"402,625",
85,Lord Cornwallis,"401,695","AP, ECo, Rv"
86,William Avery,"398,804","AP, ECo, EM, Rv, Ro"
87,Discospinster,"397,715",Ad
88,EP111,"393,069","AP, ECo"
89,Geregen2,"389,237","AP, ECo, Rv"
90,TonyTheTiger,"388,306","AP, ECo, F, Rv, Ro"
91,CAPTAIN RAJU,"384,512","ECo, EM, N, Rv, Ro"
92,Dormskirk,"384,007","AP, ECo, Rv, Ro"
93,Mandarax,"377,819","AP, ECo, Rv, Ro"
94,Shellwood,"375,160","ECo, N, Rv, Ro"
95,Flyer22 Frozen,"365,630","ECo, Rv, Ro"
96,Drmies,"365,041","AP, Ch, O, Ad"
97,Wizardman,"363,572",Ad
98,Mlaffs,"353,560",Ad
99,Charles Matthews,"351,032","AP, Ad"
100,Wilhelmina Will,"348,286","AP, ECo, Rv, Ro"
101,Muboshgu,"347,479","AP, Ad"
102,Timrollpickering,"345,529",Ad
103,Werldwayd,"343,357","ECo, Rv"
104,MB,"341,678","AP, ECo, EM, MM, N, Rv"
105,Richhoncho,"339,376","AP, ECo, Rv"
106,JarrahTree,"338,602","AP, ECo, N, Rv, Ro"
107,Smasongarrison,"336,463","ECo, Ro"
108,Gerda Arendt,"335,346","AP, ECo, F, Rv, Ro"
109,JJMC89,"335,011","EFM, AP, Ad"
110,MarnetteD,"333,252","ECo, Rv, Ro"
111,Derek R Bullamore,"331,233","AP, ECo, Rv, Ro"
112,Zackmann08,"331,075","AP, ECo, Rv, Ro, TE"
113,Diannaa,"329,430","AP, Ad"
114,Ohconfucius,"328,556","AP, ECo, Rv"
115,Kumioko (renamed),"318,300",
116,DGG,"316,874",
117,CLCStudent,"315,513","ECo, Rv"
118,Skier Dude,"315,466",
119,WereSpielChequers,"315,137","B, Ad"
120,Armbrust,"314,175","AP, ECo, F, Rv"
121,Aspects,"312,152","ECo, Rv"
122,Mjroots,"311,976","AP, Ad"
123,Doc James,"311,404",Ad
124,J.delanoy,"310,263","ECo, Ro"
125,Rlink2,"309,511",ECo
126,Chongkian,"306,743","AP, EvCo, ECo"
127,SchreiberBike,"302,965","AP, ECo, Rv"
128,Grutness,"302,760","AP, Ad"
129,Illegitimate Barrister,"301,055","AP, ECo, F, N"
130,Fayenatic london,"300,844","AP, Ad"
131,Widr,"299,655","EFM, AP, Ad"
132,Jim1138,"297,704","ECo, Rv, Ro"
133,Joeykai,"297,519",ECo
134,The Transhumanist,"296,407","ECo, Rv, Ro"
135,Epicgenius,"294,811","AP, ECo, EM, F, IP, N, Rv, Ro"
136,Walter Görlitz,"294,571","ECo, Rv"
137,[Placeholder],"294,285",
138,Tbhotch,"293,151","AP, ECo, EM, F, Rv, Ro"
139,Epbr123,"291,700",
140,Egeymi,"288,927","AP, ECo, Rv, Ro"
141,The Rambling Man,"286,091","AP, ECo, EM, IP, N, Rv, Ro, TE"
142,Bovineboy2008,"284,476","AP, ECo, EM, F, Rv"
143,Buaidh,"284,038","AP, ECo, EM, Rv, TE"
144,Nyttend,"283,718","AP, ECo"
145,Dale Arnett,"283,323",Ad
146,Jonesey95,"283,180","AP, ECo, MM, TE"
147,Xezbeth,"282,038","AP, Ad"
148,Ruigeroeland,"279,819","ECo, Rv"
149,FeanorStar7,"279,721","AP, ECo, Rv"
150,Djln,"279,298","AP, ECo, N"
151,Ira Leviton,"277,188",ECo
152,Crowsus,"276,207","ECo, Ro"
153,Rosiestep,"273,798","AP, Ad"
154,Boleyn,"273,691","AP, ECo, EM, N, Rv"
155,Favonian,"272,342","AP, Ad"
156,TenPoundHammer,"272,182","AP, ECo, EM, Rv, Ro"
157,Kailash29792,"271,105","AP, ECo, F, Rv"
158,Vegaswikian,"270,510",
159,Piotrus,"270,011","AP, EvCo, ECo, F, Rv, Ro"
160,Number 57,"266,586","AP, Ad"
161,Rms125a@hotmail.com,"266,337","AP, ECo, Rv"
162,Johnbod,"266,242","AP, ECo, Ro"
163,SandyGeorgia,"262,200","AP, ECo, EM, F, MM, N, Rv, Ro, TE"
164,Pvmoutside,"261,653","AP, ECo, EM, Rv, Ro"
165,Srich32977,"261,624","AP, ECo, N, Rv, Ro"
166,GünniX,"261,138",ECo
167,Dawynn,"259,894","ECo, Rv"
168,C.Fred,"259,826","AP, Ad"
169,Beyond My Ken,"258,259","AP, ECo, EM, F, N, Rv, Ro"
170,Redrose64,"255,876","AP, Ad"
171,Graham87,"253,470","AP, IM, Ad"
172,Doug Weller,"253,094","EFM, AP, Ch, O, Ad"
173,Dcirovic,"252,986","AP, ECo, Rv, Ro"
174,Pigsonthewing,"252,904","AP, EvCo, ECo, EM, F, IP, N, Rv, Ro, TE"
175,Chiswick Chap,"252,208","AP, ECo, EM, N, Rv, Ro"
176,Sitush,"252,007","AP, ECo, EM, F, Rv, Ro"
177,Kerry Raymond,"251,011","AP, EvCo, ECo, IP, Rv"
178,ShelfSkewed,"249,812","AP, ECo, Rv, Ro"
179,Plastikspork,"248,955","EFM, Ad"
180,Tony1,"246,473","AP, ECo, Rv, TE"
181,MER-C,"245,978","EFM, AP, Ad"
182,UnitedStatesian,"243,426","ECo, EM, N, Rv, TE"
183,CambridgeBayWeather,"242,975",Ad
184,Oculi,"242,280","ECo, EM, Rv"
185,Fadesga,"242,229","AP, ECo"
186,Sc2353,"241,515",ECo
187,Alaney2k,"241,162","AP, ECo, Rv"
188,Tigerboy1966,"239,983","AP, ECo"
189,Ohnoitsjamie,"239,805","EFM, AP, Ad"
190,Ymblanter,"239,565","AP, Ad"
191,Philafrenzy,"238,954","AP, EvCo, ECo"
192,Paine Ellsworth,"238,082","AP, ECo, EM, F, N, Rv, Ro, TE"
193,Randy Kryn,"236,139",ECo
194,Fram,"236,034","AP, ECo, EM, N, Rv, Ro, TE"
195,The Anome,"235,096","EFM, AP, Ad"
196,All Hallow's Wraith,"234,907","ECo, Rv, Ro"
197,Vsmith,"234,655",Ad
198,Missvain,"233,127","AP, Ad"
199,Wbm1058,"232,835","AP, Ad"
200,Ipigott,"230,887","AP, ECo, N, Rv"
201,Engr. Smitty,"229,163","AP, ECo, IP, N, Rv, Ro"
202,Geraldo Perez,"228,702","ECo, Rv, Ro"
203,DemocraticLuntz,"227,740","AP, ECo, Rv, Ro"
204,Dbachmann,"227,714",
205,Look2See1,"227,698",ECo
206,Explicit,"227,463","AP, Ad"
207,Chanheigeorge,"226,674","AP, ECo, Rv"
208,Donner60,"226,656","AP, ECo, Rv, Ro"
209,Tewapack,"226,581","AP, ECo, Rv, Ro"
210,Ahunt,"226,520","AP, ECo, EM, Rv, Ro"
211,RFD,"225,922","AP, ECo, IP, Rv, Ro"
212,Theroadislong,"225,488","AP, ECo, N, Rv, Ro"
213,Graeme Bartlett,"225,267",Ad
214,Bbb23,"225,264","AP, Ad"
215,OccultZone,"224,089","AP, ECo, Rv, Ro"
216,PKT,"223,873","ECo, N, Rv, Ro"
217,Cbl62,"223,597","AP, Ad"
218,AngusWOOF,"222,781","ECo, N, Rv, Ro"
219,Certes,"222,685",ECo
220,Grahamec,"222,515","AP, ECo, Rv, Ro"
221,Mediocre Legacy,"222,219",ECo
222,NawlinWiki,"221,637","EFM, Ad"
223,Schwede66,"220,054","AP, Ad"
224,Cs-wolves,"219,101","AP, ECo, Rv, Ro"
225,West.andrew.g,"218,812",AP
226,Tide rolls,"218,711","AP, Ad"
227,Ryulong,"218,132",
228,Acroterion,"216,568","AP, Ad"
229,Stefan2,"215,783","ECo, F"
230,Clarityfiend,"215,702","AP, ECo, N, Rv, Ro"
231,Peter I. Vardy,"215,445","AP, ECo, Rv"
232,Wolbo,"214,421","AP, ECo, N, Rv, TE"
233,Cassiopeia,"213,546","AP, ECo, EM, N, Rv, Ro"
234,Cplakidas,"212,994","AP, ECo, F, N, Rv"
235,Omnipaedista,"212,759","AP, ECo, Rv"
236,John,"211,858",ECo
237,Philip Cross,"211,467","AP, ECo, Rv, Ro"
238,Rjensen,"211,211","AP, ECo, F, Rv, Ro"
239,Excirial,"211,201",
240,Meno25,"211,190","AP, Ad"
241,BilCat,"210,551","AP, ECo, EM, Rv, Ro"
242,Anthony Appleyard,"209,150",
243,Jaguar,"208,859","AP, ECo, EM, F, Rv, Ro, TE"
244,Michael Hardy,"208,769",Ad
245,Ksnow,"208,329","AP, ECo"
246,Muhandes,"207,875","AP, ECo, Rv, Ro, TE"
247,Martinevans123,"206,437","ECo, Rv, Ro"
248,Bkonrad,"205,686","EFM, Ad"
249,David Gerard,"205,552","EFM, Ad"
250,Unreal7,"205,261","AP, ECo"
251,Bhadani,"204,742",
252,Kintetsubuffalo,"203,496","AP, ECo, F, Rv"
253,Doncram,"203,398","ECo, N, Rv"
254,Deb,"203,179",Ad
255,David Eppstein,"202,839","AP, Ad"
256,Trivialist,"202,224","ECo, Rv"
257,JackofOz,"201,962","AP, ECo, N, Rv, Ro"
258,Yankees10,"201,153","AP, ECo, Rv, Ro"
259,Funandtrvl,"201,031","AP, ECo, Rv, Ro, TE"
260,Matthew hk,"200,940","AP, ECo, N, Rv"
261,Casliber,"200,106","EFM, Ad"
262,Cirt,"199,086",
263,Scorpions13256,"198,988","ECo, EM, Rv, Ro"
264,Gogo Dodo,"197,554",Ad
265,Daniel Case,"197,229","AP, Ad"
266,PeeJay,"196,387","AP, ECo, Rv"
267,Edgar181,"196,325",ECo
268,Marek69,"195,899","AP, ECo, F, Rv, Ro"
269,Richard Arthur Norton (1958- ),"195,123",ECo
270,Ebyabe,"195,041","AP, ECo, Rv, Ro"
271,Hey man im josh,"195,015","ECo, EM, N, Rv, Ro"
272,Nikkimaria,"194,571","AP, ECo"
273,DocWatson42,"192,716","ECo, Rv"
274,Peter coxhead,"192,358","AP, ECo, EM, Rv, Ro, TE"
275,Nick Number,"191,625","AP, ECo, F, Rv, Ro"
276,PamD,"191,394","AP, ECo, N, Rv, Ro"
277,Khazar2,"191,299","AP, Rv, Ro"
278,Zigzig20s,"191,093","AP, ECo, Rv"
279,MrOllie,"190,732","ECo, Rv, Ro"
280,John B123,"190,691","AP, ECo, EM, N"
281,NE2,"190,421","AP, ECo, Rv"
282,Ken Gallager,"190,401","AP, ECo, Ro"
283,Slambo,"190,334","AP, Ad"
284,MZMcBride,"190,323",ECo
285,Paul August,"189,572","AP, Ad"
286,Jytdog,"187,951","AP, ECo, Rv, Ro"
287,S.A. Julio,"187,330","AP, ECo, EM, Rv, Ro, TE"
288,SwisterTwister,"187,094",
289,Nikolai Kurbatov,"187,065","AP, ECo"
290,Bruce1ee,"186,974","AP, ECo, Rv, Ro"
291,Jmorrison230582,"186,960","AP, ECo, Rv"
292,Rfassbind,"186,689","AP, ECo, N, Ro, TE"
293,Mogism,"185,177","ECo, Rv"
294,GregorB,"185,113","AP, ECo, Ro"
295,Ulric1313,"185,073","ECo, Rv, Ro"
296,Alexf,"184,781",Ad
297,Sandstein,"184,569",Ad
298,Fsmatovu,"184,471","AP, ECo, IP, Rv, Ro"
299,Kuru,"183,741","EFM, AP, Ad"
300,SMcCandlish,"183,363","AP, ECo, EM, F, N, Rv, Ro, TE"
301,Mindmatrix,"183,187","AP, Ad"
302,Mean as custard,"183,047","ECo, N, Rv, Ro"
303,Rikster2,"182,640","AP, ECo, EM, N, Ro"
304,MisterBee1966,"182,292","AP, ECo, Rv, Ro"
305,WildCherry06,"181,389","AP, ECo, Rv"
306,Impru20,"181,380","AP, ECo"
307,Steel1943,"181,343","AP, ECo, EM, Rv, Ro, TE"
308,Primefac,"181,237","EFM, AP, B, Ch, O, Ad"
309,Klio654,"180,809","AP, ECo"
310,JMHamo,"180,484","AP, ECo, N, Rv, Ro"
311,El C,"180,424","AP, Ad"
312,RonaldB,"180,267","ECo, Rv"
313,In ictu oculi,"180,112","AP, ECo, EM, N, Rv"
314,Robert McClenon,"179,830","AP, ECo, EM, N, Rv"
315,Wavelength,"179,502","ECo, Rv"
316,Stemonitis,"179,487",ECo
317,Darwinek,"179,429","AP, Ad"
318,Freeknowledgecreator,"179,107",ECo
319,JBW,"178,684","AP, Ad"
320,Masem,"178,680",Ad
321,1234qwer1234qwer4,"178,018","ECo, EM"
322,Tabletop,"177,774","AP, ECo, Rv"
323,KConWiki,"177,418","AP, ECo"
324,Chrisdoyleorwell,"177,265","AP, ECo"
325,Hyacinth,"176,975",Ad
326,Ozzie10aaaa,"176,898","AP, ECo, N"
327,John Carter,"176,670","AP, ECo"
328,AnemoneProjectors,"176,225","AP, Ad"
329,DynamoDegsy,"176,005","AP, ECo, Rv"
330,Sphilbrick,"175,754",Ad
331,Parkwells,"175,000","AP, ECo, Ro"
332,Edwardx,"174,560","AP, EvCo, ECo, N, Rv, Ro"
333,Mild Bill Hiccup,"174,349","ECo, Rv, Ro"
334,Abyssal,"173,792","AP, ECo, Rv"
335,AussieLegend,"173,395","AP, ECo, F, Rv, Ro"
336,Necrothesp,"173,289","AP, Ad"
337,JustAGal,"172,788","AP, ECo, Rv, Ro"
338,Auric,"172,756","AP, ECo, Rv"
339,DMacks,"172,520","EFM, AP, Ad"
340,SlimVirgin,"172,064",
341,Beetstra,"171,726","EFM, Ad"
342,[Placeholder],"171,373",
343,Attilios,"171,261","AP, ECo, Rv"
344,Wgolf,"169,462","AP, ECo, Rv, Ro"
345,Beland,"169,243","AP, Ad"
346,Neelix,"169,014",ECo
347,Longhair,"168,009",ECo
348,Skyblueshaun,"167,608","AP, ECo, Rv"
349,The Thing That Should Not Be,"167,531","Rv, Ro"
350,Praxidicae,"167,459","EFH, AP, ECo, EM, IP, N, Rv, Ro"
351,Ssilvers,"167,186","AP, ECo, Rv, Ro"
352,Dewritech,"166,584","ECo, N, Ro"
353,Cyphoidbomb,"166,471","AP, Ad"
354,WayKurat,"166,300","ECo, IP, Rv, Ro"
355,WQUlrich,"166,263","AP, ECo, Rv"
356,Ezhiki,"165,143",Ad
357,Nlu,"163,784",Ad
358,Nightscream,"163,654","ECo, Rv"
359,StarTrekker,"163,595","AP, ECo"
360,Mdnavman,"163,561","AP, ECo, Rv"
361,Arcadian,"163,050",
362,DH85868993,"162,954","AP, ECo, Rv, Ro"
363,[Placeholder],"162,904",
364,Jimfbleak,"162,695",Ad
365,Darius Dhlomo,"162,679",
366,Ceoil,"162,178","AP, ECo, Rv"
367,Neutrality,"161,888","AP, Ad"
368,Salavat,"161,256","AP, ECo, F, Rv"
369,PRehse,"161,047","ECo, N"
370,Utcursch,"160,985","EFM, AP, Ad"
371,Ricky81682,"160,967",ECo
372,Therequiembellishere,"160,715","ECo, Rv, Ro"
373,Billy Hathorn,"160,468",
374,General Ization,"159,895","AP, ECo, IP, Rv, Ro"
375,JoJan,"159,095","AP, Ad"
376,Sports2021,"158,897","AP, ECo, Rv"
377,Rettetast,"158,862",ECo
378,Shawn à Montréal,"158,695","AP, ECo, Rv, Ro"
379,Jrcla2,"158,600","AP, ECo, Rv, Ro"
380,Bongwarrior,"158,518",Ad
381,Gadfium,"158,335","AP, Ad"
382,Legacypac,"158,031","ECo, Rv"
383,Parsecboy,"157,540","AP, Ad"
384,Ekabhishek,"157,471","AP, Ad"
385,Zzyzx11,"157,313","AP, Ad"
386,Gaius Cornelius,"156,669",Ad
387,Estopedist1,"156,590","AP, ECo, EM, Ro"
388,WolfmanSF,"156,372","AP, ECo, Rv"
389,Titodutta,"156,203","AP, Ad"
390,Adamtt9,"156,008","AP, ECo, N, Rv"
391,Mitch Ames,"155,714","AP, ECo, Rv"
392,Editor2020,"155,681","ECo, Ro"
393,Everyking,"155,603",
394,DannyS712,"155,597","EFH, ECo, EM, F, MM, N, Rv, Ro, TE"
395,Tenebrae,"155,424",ECo
396,Feminist,"155,330","AP, ECo, EM, N, Rv, Ro"
397,Andy Dingley,"155,238","AP, ECo, Rv, Ro"
398,Racklever,"155,075","ECo, Rv"
399,Deepfriedokra,"154,976",Ad
400,331dot,"154,658","AP, Ad"
401,JzG,"154,414","EFM, AP, ECo, EM, N, Rv, Ro"
402,Jj98,"154,388","AP, ECo"
403,Martarius,"154,385","ECo, Rv"
404,Severo,"153,976","AP, ECo, Rv"
405,Ponyo,"153,845","EFM, AP, Ch, O, Ad"
406,Rlendog,"153,567","AP, Ad"
407,Robby.is.on,"153,287","ECo, Ro"
408,Viriditas,"153,246","AP, ECo, Rv"
409,Shyamsunder,"153,082","AP, ECo, Rv"
410,DrKay,"153,054","AP, Ad"
411,Eurodog,"152,068",ECo
412,ÄDA - DÄP,"151,839","AP, ECo"
413,StAnselm,"151,659","AP, ECo, F, N, Rv"
414,J 1982,"151,634","AP, ECo"
415,Meters,"151,455","ECo, N, Rv, Ro"
416,FMSky,"151,434","ECo, Rv"
417,Epeefleche,"150,049",Rv
418,The Bushranger,"149,929",Ad
419,Victuallers,"149,706","AP, Ad"
420,Bri,"149,658","EFH, AP, EvCo, ECo, EM, IP, MM, N, Rv, Ro"
421,Postcard Cathy,"149,419",ECo
422,Bellowhead678,"149,405","ECo, Rv"
423,WWGB,"149,296","AP, ECo, N, Rv, Ro"
424,7&6=thirteen,"149,108","AP, ECo, IP, N, Rv, Ro"
425,Spleodrach,"149,020","AP, ECo, EM, Rv, Ro"
426,DanTD,"148,932","AP, ECo, Rv"
427,Spiderone,"148,897","AP, ECo, Rv"
428,Lightmouse,"148,333",Rv
429,Mccapra,"148,291","AP, ECo, EM, N"
430,Closedmouth,"148,166","EFM, Ad"
431,Bermicourt,"147,978","AP, ECo, N, Rv, Ro"
432,WikiOriginal-9,"147,766","AP, ECo, Ro"
433,Rfl0216,"147,114",ECo
434,Ealdgyth,"146,918","AP, Ad"
435,Biruitorul,"145,933","AP, ECo, Rv"
436,Eeekster,"145,709","ECo, F, Rv, Ro"
437,Gonnym,"145,584","AP, ECo, TE"
438,MisterCake,"145,557","AP, ECo"
439,Wehwalt,"145,425","AP, Ad"
440,Malleus Fatuorum,"145,401",
441,Malcolma,"145,216","AP, ECo, Rv"
442,Atlantic306,"145,201","ECo, EM, N, Rv"
443,Imzadi1979,"144,909","AP, ECo, EM, F, MM, N, Rv, Ro, TE"
444,Bagumba,"144,905","AP, Ad"
445,Bonadea,"144,901","EFH, AP, ECo, EM, N, Rv, Ro"
446,Sadads,"144,780",Ad
447,Wtmitchell,"144,634",Ad
448,Ground Zero,"144,507",Ad
449,Patapsco913,"143,997","AP, ECo"
450,Starzoner,"143,882",ECo
451,Malcolmxl5,"143,840",Ad
452,Katharineamy,"143,525","ECo, Rv, Ro"
453,FloridaArmy,"143,482",ECo
454,Jax 0677,"143,406",ECo
455,Flix11,"143,174","ECo, Rv, Ro"
456,DuncanHill,"143,064","AP, ECo, Rv, Ro"
457,Aleksandr Grigoryev,"142,749","AP, ECo, Rv"
458,Deor,"142,235",Ad
459,Djsasso,"141,910","AP, Ad"
460,Namiba,"141,316","AP, ECo, Rv"
461,Wagino 20100516,"141,096","ECo, Rv, Ro"
462,IronGargoyle,"141,053","AP, Ad"
463,Fnlayson,"140,937","ECo, N, Rv, Ro"
464,The Eloquent Peasant,"140,886","ECo, Rv"
465,Bluesangrel,"140,510",ECo
466,Sillyfolkboy,"140,320","AP, ECo, Rv, Ro, TE"
467,Qwerfjkl,"139,958","ECo, EM, Ro"
468,Orenburg1,"139,926",ECo
469,Jarble,"139,852","AP, ECo"
470,Teflon Peter Christ,"139,721","ECo, Rv"
471,Keivan.f,"139,493","AP, ECo, Rv, Ro"
472,Neddyseagoon,"139,074","ECo, Rv"
473,Jon Kolbert,"139,026","ECo, EM, F, IP, N, Ro, TE"
474,Cwmhiraeth,"138,340","AP, Ad"
475,RJFJR,"138,259",Ad
476,FlightTime,"137,983","AC, AP, ECo, EM, F, N, Rv, Ro, TE"
477,Dough4872,"137,719","AP, ECo, F, Rv, Ro"
478,Cote d'Azur,"137,633",ECo
479,Acad Ronin,"137,356","AP, ECo, Rv, Ro"
480,Bwmoll3,"137,292",
481,[Placeholder],"137,029",
482,Jim Michael,"136,973",ECo
483,Natg 19,"136,959",ECo
484,Sir Sputnik,"136,954","AP, Ad"
485,The joy of all things,"136,736","AP, ECo, Ro"
486,Toddst1,"136,687","AP, ECo, IP, N, Rv, Ro, TE"
487,Badagnani,"136,593",
488,Lockley,"136,540","AP, ECo"
489,Klemen Kocjancic,"136,436",ECo
490,RevelationDirect,"136,319",ECo
491,Yoninah,"136,224","AP, ECo, Rv, Ro"
492,DVdm,"135,999","AP, ECo, N, Rv, Ro"
493,TheRedPenOfDoom,"135,756","Rv, Ro"
494,Maile66,"135,577","AP, Ad"
495,OOODDD,"135,503",
496,Hzh,"135,346","AP, ECo, N, Rv"
497,Hesperian,"135,199","AP, Ad"
498,Rtkat3,"135,035","ECo, Rv"
499,Moonriddengirl,"135,011","EFM, Ad"
500,[Placeholder],"134,873",
501,Jayjg,"134,751","AP, Ad"
502,TheFarix,"134,691","ECo, Rv, Ro"
503,NeilN,"134,455",
504,Davey2010,"134,324","ECo, F, Rv, Ro"
505,Alan Liefting,"134,250","AP, ECo, F, Rv, Ro"
506,Dissident93,"133,380","ECo, Ro, TE"
507,Denisarona,"133,368","ECo, Rv"
508,Hipal,"133,338","ECo, Rv, Ro"
509,Josve05a,"133,283","AP, ECo, N, Rv, Ro"
510,Bellerophon5685,"133,234","AP, ECo"
511,Ortizesp,"133,042","AP, ECo"
512,Dan arndt,"132,929","AP, ECo, EM, N, Rv, Ro"
513,Ribbon Salminen,"132,927","AP, ECo, Rv"
514,Calliopejen1,"132,859",Ad
515,Zzuuzz,"132,732","EFM, AP, Ch, Ad"
516,Fylindfotberserk,"132,678","ECo, Rv, Ro"
517,WilliamJE,"132,561","AP, ECo, Rv"
518,This is Paul,"132,504","AP, ECo, Rv"
519,ZappaOMatic,"132,133","AP, ECo, N, Rv, Ro"
520,Koala15,"132,114","AP, ECo"
521,Zanhe,"132,020","AP, ECo, IP, Rv"
522,NinjaRobotPirate,"131,962","AP, Ch, Ad"
523,Sundostund,"131,947","ECo, F"
524,Davidgoodheart,"131,939",ECo
525,Earl Andrew,"131,938","AP, Ad"
526,Cabayi,"131,558","EFM, AP, Ch, O, Ad"
527,Mark Arsten,"131,188",
528,StefenTower,"130,982","ECo, N, Rv, Ro"
529,Alex 21,"130,713","ECo, EM, F, Rv, TE"
530,Juliancolton,"130,368",Ad
531,JohnCD,"130,355",
532,SuperJew,"130,292","AP, ECo"
533,Arthur Rubin,"130,164","ECo, Ro"
534,Sun Creator,"130,141","ECo, Rv"
535,GoldRingChip,"130,054",Ad
536,Eric444,"129,613","AP, ECo, Rv"
537,Sam Sailor,"129,119","AP, ECo, EM, F, N, Rv, Ro"
538,Crisco 1492,"128,840",ECo
539,CaroleHenson,"128,731","AP, ECo, N, Ro"
540,Dahn,"128,576","AP, ECo, Rv"
541,[Placeholder],"128,532",
542,J Milburn,"128,354",Ad
543,Keith-264,"128,150",ECo
544,Hydrogen Iodide,"127,969",Ro
545,Czar,"127,799","AP, Ad"
546,Dank,"127,525","AP, Ad"
547,Wikipelli,"127,501","AP, ECo, Rv, Ro"
548,Ghmyrtle,"127,319","AP, ECo, Rv, Ro"
549,Yamla,"127,196","AP, Ch, Ad"
550,Pinethicket,"126,847","AP, ECo, Rv, Ro"
551,Rosguill,"126,830","AP, Ad"
552,MBisanz,"126,665",ECo
553,Boghog,"126,486","AP, ECo, IP, N, Rv, Ro, TE"
554,Kbdank71,"126,445",Ad
555,AddWittyNameHere,"126,276","AP, ECo, Rv, Ro"
556,Buckshot06,"126,183",ECo
557,Sammi Brie,"126,179","AP, ECo, EM, F, Rv, TE"
558,Struway2,"126,171","AP, ECo, Rv, Ro"
559,Llammakey,"125,860","AP, ECo, EM"
560,Flibirigit,"125,092","AP, ECo, Rv, Ro"
561,Sturmvogel 66,"125,030","AP, ECo, EM, Rv, Ro"
562,TheMightyPeanut,"124,904","AP, ECo"
563,Buidhe,"124,668","AP, ECo, EM, F, MM, N, Rv, TE"
564,Gjs238,"124,611","AP, ECo, Rv, Ro"
565,Orangemike,"124,580","AP, Ad"
566,Welsh,"124,538","AP, ECo, Rv"
567,Baseball Bugs,"124,389","AP, ECo, EM, N, Rv, Ro"
568,Spanneraol,"124,248","AP, ECo, Rv, Ro"
569,Jmg38,"123,700",ECo
570,Fabrictramp,"123,666",Ad
571,Malmmf,"123,493","AP, ECo"
572,Geschichte,"123,394","AP, ECo"
573,Pbsouthwood,"123,223","AP, Ad"
574,Finetooth,"123,201","AP, ECo, Rv"
575,Matthiaspaul,"123,140","AP, ECo, EM, N, Rv, Ro, TE"
576,Voceditenore,"123,112","AP, ECo, F, N, Rv, Ro"
577,Treybien,"123,057","ECo, Rv"
578,MilborneOne,"122,666","AP, Ad"
579,Surtsicna,"122,531","AP, ECo"
580,TwinsMetsFan,"122,110",ECo
581,Ritchie333,"121,796","EFM, AP, Ad"
582,Magnolia677,"121,780","AP, ECo, Rv, Ro"
583,Nihonjoe,"121,715","EFM, AP, B, Ad"
584,Rschen7754,"121,565","EFM, AP, Ad"
585,Joy,"121,533","AP, Ad"
586,McGeddon,"121,439","ECo, Rv, Ro"
587,Snowflake91,"121,375",ECo
588,Scope creep,"121,261","AP, ECo, EM, N, Rv"
589,Larry Hockett,"121,239","AP, ECo, Rv, Ro"
590,Petebutt,"121,204","AP, ECo, Rv"
591,IJBall,"121,129","AP, ECo, EM, N, Rv"
592,Roland zh,"121,088","AP, ECo, Rv"
593,BoyTheKingCanDance,"121,059","ECo, EM, N, Rv"
594,EvergreenFir,"121,000","AP, Ad"
595,MatthewVanitas,"120,838","AP, ECo, N, Rv, Ro"
596,Trackinfo,"120,746","AP, ECo, Rv"
597,JoeHebda,"120,688",ECo
598,Warofdreams,"120,431","AP, B, Ad"
599,QuasyBoy,"120,346","AP, ECo, F, IP, Rv, Ro"
600,MusikAnimal,"120,327","EFM, AP, IAd, Ad"
601,Cloudz679,"120,028","AP, ECo, Rv"
602,Moxy,"119,805","ECo, EM, Rv, Ro, TE"
603,Sardanaphalus,"119,752",
604,Tomruen,"119,690","AP, ECo, Rv"
605,Avicennasis,"119,595","AP, ECo, Rv, Ro"
606,Thumperward,"119,533",Ad
607,Premeditated Chaos,"119,206","AP, Ad"
608,Moe Epsilon,"119,202","AP, ECo, F, N, Rv, Ro"
609,Rusted AutoParts,"118,795","AP, ECo, EM"
610,RHaworth,"118,774",ECo
611,Tachs,"118,489","AP, ECo"
612,Bsuorangecrush,"118,306","AP, ECo, Rv"
613,Snowmanradio,"118,210","AP, ECo, Rv, Ro"
614,Vanjagenije,"118,179","AP, Ad"
615,Jgjsmith006,"117,967",ECo
616,Abductive,"117,393","AP, ECo, Rv, Ro"
617,Anna Frodesiak,"117,123",ECo
618,Acalamari,"116,967","B, Ad"
619,Mackensen,"116,889","AP, Ad"
620,PBS,"116,854","AP, Ad"
621,Hawkeye7,"116,744","AP, ECo, EM, F, N, Rv, Ro, TE"
622,J04n,"116,723",Ad
623,Ytfc23,"116,704","AP, ECo, Rv, Ro"
624,IceWelder,"116,514","AP, ECo, EM, F, N, Rv, Ro, TE"
625,[Placeholder],"116,496",
626,Worldbruce,"116,441","ECo, EM, Rv, Ro"
627,Leszek Jańczuk,"116,434","AP, ECo, Rv, Ro"
628,Vycl1994,"116,335","AP, ECo"
629,Jeff G.,"116,274","AP, ECo, F, IP, N, Rv, Ro"
630,Bobo192,"116,245",Ad
631,CAWylie,"116,194","AP, ECo, Rv"
632,Chzz,"115,894",ECo
633,Howcheng,"115,810","AP, Ad"
634,UtherSRG,"115,788","AP, Ad"
635,Felix Folio Secundus,"115,654","AP, Rv"
636,Doug butler,"115,641","AP, ECo"
637,Minorax,"115,594","EFH, ECo, EM, F, Rv, Ro"
638,Gadget850,"115,579",
639,Rankersbo,"115,551",ECo
640,Teblick,"115,490","AP, ECo, N, Ro"
641,YoungForever,"115,371","ECo, EM, Rv, Ro"
642,Rodhullandemu,"115,150",
643,Andrzejbanas,"115,067","AP, ECo, Rv, Ro"
644,GreenC,"115,011","AP, ECo, Rv, Ro, TE"
645,Aymatth2,"114,918","AP, ECo, Rv, Ro, TE"
646,Ukexpat,"114,861","AP, ECo, EM, F, IP, N, Rv, Ro"
647,Connormah,"114,836",Ad
648,Randykitty,"114,535","AP, Ad"
649,X201,"114,265","ECo, F, Rv, TE"
650,George Ho,"113,564",ECo
651,Od Mishehu AWB,"113,191","AP, ECo, Rv"
652,ToBeFree,"113,173",Ad
653,SimonP,"113,001",Ad
654,Geo Swan,"112,843","AP, ECo, Rv"
655,Gwillhickers,"112,831","AP, ECo, EM, F, Rv, Ro"
656,IntoThinAir,"112,646","ECo, N, Rv, Ro"
657,Gaia Octavia Agrippa,"112,642","AP, ECo, Rv, Ro"
658,ElKevbo,"112,498","ECo, Rv, Ro"
659,Aciram,"112,417","AP, ECo, Rv"
660,Chandan Guha,"112,170","AP, ECo, IP, Rv"
661,Will Beback,"112,162",
662,Doremo,"112,110","AP, ECo"
663,Yamaguchi先生,"111,935","AP, Ad"
664,Jolicnikola,"111,901","AP, ECo"
665,Kj cheetham,"111,843","AP, ECo, EM, N, Rv, Ro"
666,Catfurball,"111,521",ECo
667,DISEman,"111,465","AP, ECo, Rv"
668,EchetusXe,"111,413","AP, ECo, F, N, Rv, Ro"
669,Tinton5,"111,361",ECo
670,Plucas58,"111,204",ECo
671,Juhachi,"111,192","AP, ECo, F, N, Rv, Ro"
672,Jaellee,"110,873","ECo, Rv, Ro"
673,BDD,"110,820","AP, Ad"
674,Dr.K.,"110,787","AP, ECo, F, Rv, Ro"
675,MainlyTwelve,"110,750","AP, ECo, N, Rv, Ro"
676,Ahoerstemeier,"110,683",
677,Adavidb,"110,679","AP, ECo, Rv, Ro"
678,Robertgreer,"110,670","AP, ECo, Rv"
679,SNUGGUMS,"110,592","ECo, Rv, Ro"
680,Donnowin1,"110,549",ECo
681,Mais oui!,"110,541","AP, ECo, Rv, Ro"
682,Antandrus,"110,505","AP, Ad"
683,Fixer88,"110,458","AP, ECo"
684,The Banner,"110,011","AP, ECo, Rv, Ro"
685,Gurch,"109,954","ECo, Ro"
686,Hwy43,"109,893","AP, ECo, TE"
687,ChrisTheDude,"109,851",Ad
688,Nigej,"109,818","AP, ECo, N, Rv"
689,Debresser,"109,801","AP, ECo, Rv, Ro, TE"
690,PhilKnight,"109,746","Ch, O, Ad"
691,GorillaWarfare,"109,488","EFM, AP, O, Ad"
692,Largoplazo,"109,353","ECo, EM, N, Rv, Ro"
693,TexasAndroid,"109,350",
694,Middayexpress,"109,244",
695,Maias,"109,203","AP, ECo, Rv"
696,Justlettersandnumbers,"109,189","AP, Ad"
697,Ianblair23,"109,153",Ad
698,TommyBoy,"109,089","AP, Ad"
699,InedibleHulk,"108,991",ECo
700,Eagleash,"108,991","AP, ECo, EM, N"
701,Christian75,"108,989","ECo, N, Rv, Ro"
702,Kudpung,"108,917","AP, ECo, EM, F, IP, MM, N, Rv, Ro, TE"
703,Midnightblueowl,"108,667","AP, ECo"
704,JForget,"108,664",
705,Harryboyles,"108,602",Ad
706,Sbaio,"108,594","ECo, Rv"
707,Cmr08,"108,076","AP, ECo"
708,Moonraker,"107,942","AP, ECo, Rv, Ro"
709,Magicpiano,"107,815","AP, ECo, Rv, Ro"
710,Hariboneagle927,"107,792","AP, ECo"
711,Jerome Kohl,"107,781","AP, ECo, Rv, Ro"
712,Mike Selinker,"107,714",Ad
713,Pol098,"107,684","ECo, Rv"
714,SecretName101,"107,673","ECo, Rv, Ro"
715,Drovethrughosts,"107,602","ECo, Ro"
716,WhatamIdoing,"107,595","AP, ECo, Rv"
717,John from Idegon,"107,583","AP, ECo, Rv, Ro"
718,Melcous,"107,539","AP, ECo, N, Ro"
719,AnmaFinotera,"107,494",
720,Sbmeirow,"107,480","ECo, Ro"
721,Jack1956,"107,355","AP, ECo, N, Rv"
722,Quadell,"107,341",ECo
723,Od Mishehu,"107,223",
724,Valmir144,"107,021",ECo
725,Timtrent,"106,891","AP, ECo, EM, N, Rv"
726,Montell 74,"106,801","AP, ECo, N, Ro"
727,BOZ,"106,777","AP, ECo"
728,Srnec,"106,750","AP, ECo, EM, Rv"
729,Jmertel23,"106,708","ECo, N"
730,TheCatalyst31,"106,598","AP, Ad"
731,Galatz,"106,336","AP, ECo, EM, N, Rv"
732,FarSouthNavy,"106,283",ECo
733,HJ Mitchell,"106,274","EFM, AP, O, Ad"
734,Ww2censor,"106,233","AP, ECo, Rv"
735,Malik Shabazz,"106,163","ECo, Rv"
736,Kjell Knudde,"106,070","AP, ECo"
737,WikHead,"106,029","Rv, Ro"
738,Howard the Duck,"105,943","AP, ECo, Rv"
739,Jaraalbe,"105,816",
740,JHunterJ,"105,695",Ad
741,Philip Trueman,"105,653","ECo, Rv, Ro"
742,Hotwiki,"105,304",ECo
743,K6ka,"105,292",Ad
744,PohranicniStraze,"105,198","ECo, Rv, Ro"
745,Modernist,"105,116","AP, ECo, Rv, Ro"
746,GraemeLeggett,"105,010","AP, ECo, Rv"
747,Corkythehornetfan,"104,970","AP, ECo, EM, F, N, Ro, TE"
748,TMC1982,"104,852",Rv
749,Jayron32,"104,758",Ad
750,Dravecky,"104,715",
751,MRSC,"104,709","AP, ECo, F, Rv, TE"
752,Montanabw,"104,592","AP, EvCo, ECo, EM, F, N, Rv, Ro"
753,DaHuzyBru,"104,579","AP, ECo, Rv, Ro"
754,Rothorpe,"104,418","ECo, Rv"
755,Beeblebrox,"104,406","AP, Ch, O, Ad"
756,Ktr101,"104,342",
757,Bamyers99,"104,245",ECo
758,Pharaoh of the Wizards,"104,094","AP, ECo, F, Rv, Ro"
759,Cahk,"103,993","AP, ECo, N, Rv, Ro"
760,Richard3120,"103,889",ECo
761,West Virginian,"103,772","AP, ECo, Rv"
762,Curly Turkey,"103,697","AP, ECo"
763,Charles01,"103,652","AP, ECo, Rv"
764,Mayumashu,"103,593","AP, ECo"
765,BeenAroundAWhile,"103,575",ECo
766,Trident13,"103,559",
767,NeoBatfreak,"103,349",ECo
768,Xeno,"103,342","AP, B, Ad"
769,Doniago,"103,247","ECo, IP, Rv, Ro"
770,Lettler,"103,209","ECo, Rv"
771,ViperSnake151,"103,046","AP, ECo, Rv, Ro"
772,Peter Horn,"103,016","AP, ECo, IP, Rv"
773,AustralianRupert,"102,914",AP
774,MSGJ,"102,888","AP, Ad"
775,Gary,"102,817","AP, ECo, Rv, Ro"
776,Pietaster,"102,721","AP, ECo, Rv"
777,Pubdog,"102,706","AP, ECo, Rv, Ro"
778,Velella,"102,540","AP, ECo, N, Rv, Ro"
779,Nick-D,"102,443",Ad
780,Hebrides,"102,335","AP, ECo, Rv"
781,Kingbird1,"102,286","AP, ECo, Rv, Ro"
782,Jim Sweeney,"102,256","AP, ECo, Rv, Ro"
783,Marchjuly,"102,147","AP, ECo"
784,"Can't sleep, clown will eat me","101,994",
785,STATicVapor,"101,938","AP, ECo, F, Rv, Ro"
786,Fredddie,"101,889","AP, ECo, EM, F, Rv, Ro, TE"
787,Skyerise,"101,802","ECo, Rv, Ro"
788,Keroks,"101,789","AP, ECo"
789,Butlerblog,"101,445","AP, ECo, Ro"
790,SilkTork,"101,433","B, Ch, O, Ad"
791,UncleTupelo1,"101,373","AP, ECo"
792,Gatoclass,"101,155","AP, Ad"
793,Mika1h,"100,709","AP, ECo, F, Ro"
794,Jusdafax,"100,509","ECo, Rv, Ro"
795,GB fan,"100,310","ECo, O, Ad"
796,LittleWink,"100,217",ECo
797,BlackJack,"100,201",ECo
798,Drm310,"100,125","AP, ECo, N, Rv, Ro"
799,Brianboulton,"100,115",
800,DB1729,"100,048","ECo, Rv, Ro"
801,Widefox,"99,977","AP, ECo, EM, IP, N, Rv, Ro"
802,Magog the Ogre,"99,975",Ad
803,Dreamy Jazz,"99,934","EFM, AP, Ch, O, Ad"
804,Yimingbao,"99,912","AP, ECo"
805,Kelly,"99,890","ECo, F, Rv, Ro"
806,Djflem,"99,841","AP, ECo, Rv"
807,Flickerd,"99,803","AP, ECo, Rv"
808,Dwanyewest,"99,621","ECo, Rv"
809,Robofish,"99,579","ECo, Rv, Ro"
810,Davidcannon,"99,551",Ad
811,Animalparty,"99,458","AP, ECo, N"
812,Droll,"99,445","ECo, Rv, Ro"
813,Nthep,"99,371","AP, Ad"
814,Naraht,"99,234","AP, ECo, EM, IP, N, Rv, Ro"
815,FunkMonk,"99,150","AP, ECo, EM, F, Rv"
816,Alextejthompson,"99,141","AP, ECo, N, Rv, Ro"
817,Triggerbit,"99,098","AP, ECo, Rv"
818,Rhinen,"98,903","AP, ECo, Ro"
819,Canadian Paul,"98,799",Ad
820,PC78,"98,738","AP, ECo, EM, Rv, TE"
821,Fastily,"98,483","AP, Ad"
822,Michaelwallace22,"98,462",ECo
823,Oknazevad,"98,373",ECo
824,Azumanga1,"98,163","AP, ECo, Rv"
825,ApprenticeFan,"98,127","ECo, Rv"
826,RA0808,"97,861","ECo, N, Rv, Ro"
827,WikiDan61,"97,841","ECo, N, Rv"
828,K.e.coffman,"97,808","AP, ECo, EM, N, Rv, Ro"
829,Docu,"97,802",
830,Stephencdickson,"97,787",ECo
831,SchroCat,"97,786","AP, ECo, Rv, Ro"
832,JaGa,"97,784",Ad
833,Olivier,"97,744",Ad
834,Snickers2686,"97,726","ECo, Ro"
835,MrX,"97,648","AP, ECo, Rv, Ro"
836,BlameRuiner,"97,619","AP, ECo, Ro"
837,HangingCurve,"97,517","AP, ECo, Rv, Ro"
838,BabbaQ,"97,516","AP, ECo"
839,Timmyshin,"97,448","AP, ECo"
840,Monegasque,"97,182",
841,Cullen328,"97,148","AP, Ad"
842,Joseph Solis in Australia,"97,137",ECo
843,Cnwilliams,"97,112",ECo
844,MadeYourReadThis,"97,082","AP, ECo, Rv, Ro"
845,Favre1fan93,"96,902","AP, ECo, EM, F, Rv, Ro"
846,Caftaric,"96,862",ECo
847,NiciVampireHeart,"96,836","AP, ECo, Rv, Ro"
848,KH-1,"96,817","ECo, Rv, Ro"
849,Erik,"96,617","AP, ECo, EM, F, MM, Rv, Ro"
850,Nono64,"96,246","AP, Rv, Ro"
851,SNAAAAKE!!,"96,243",ECo
852,Cattus,"96,190","AP, ECo, Rv"
853,Vanished user 201913,"96,104",
854,Hullaballoo Wolfowitz,"96,059","ECo, Rv"
855,Mercurywoodrose,"96,041","AP, ECo, Rv"
856,Adamdaley,"95,972","AP, ECo, Ro"
857,SchuminWeb,"95,920",
858,Boing! said Zebedee,"95,890",ECo
859,Sjones23,"95,773","ECo, N, Rv, Ro"
860,Amaury,"95,728","ECo, Rv, Ro"
861,MYS77,"95,721","AP, ECo"
862,Joe Decker,"95,431",ECo
863,Bryan Derksen,"95,332",ECo
864,Joshua Jonathan,"95,266","AP, ECo, Rv"
865,Vami IV,"95,256","AP, ECo, EM"
866,TheOldJacobite,"95,152",ECo
867,Camboxer,"95,050",ECo
868,Nehme1499,"94,938","ECo, Rv, Ro"
869,ಮಲ್ನಾಡಾಚ್ ಕೊಂಕ್ಣೊ,"94,900",ECo
870,HyBn51702,"94,883","AP, ECo, Rv"
871,Nightstallion,"94,863",Ad
872,TomCat4680,"94,849","ECo, N, Rv"
873,Solar-Wind,"94,838",AP
874,Bleaney,"94,838","AP, ECo, Rv"
875,BorgQueen,"94,817","AP, Ad"
876,Gwernol,"94,742",
877,HandsomeFella,"94,711","AP, ECo"
878,Double sharp,"94,644","AP, ECo, EM, F, Rv"
879,[Placeholder],"94,465",
880,Icarusgeek,"94,294","AP, ECo"
881,CeeGee,"94,210","AP, ECo, IP, Rv"
882,KingSkyLord,"94,187",ECo
883,Edward,"94,019",Ad
884,Asturkian,"93,955","AP, ECo"
885,Raymond Cruise,"93,935","AP, ECo, Rv"
886,Saintandy7,"93,852",ECo
887,Stepheng3,"93,622","AP, ECo, Rv, Ro"
888,TropicAces,"93,598","ECo, Rv"
889,Joseph A. Spadaro,"93,567",ECo
890,Paul Barlow,"93,539","AP, Rv"
891,TJ Spyke,"93,344",
892,Serial Number 54129,"93,199","AP, ECo, EM, N, Rv, Ro"
893,Rlevse,"93,195",
894,SounderBruce,"93,123","AP, ECo, EM, Rv, Ro"
895,Dsp13,"92,998","AP, ECo, IP, Rv"
896,LuK3,"92,854","O, Ad"
897,Gibson Flying V,"92,850","AP, ECo, Rv"
898,RedWolf,"92,538","AP, Ad"
899,Hiddenstranger,"92,526",ECo
900,Kaltenmeyer,"92,468",ECo
901,JPxG,"92,435","AP, ECo, EM, MM, N, Rv, Ro"
902,"Me, Myself, and I are Here","92,415",ECo
903,Nishidani,"92,277","AP, ECo"
904,Mahagaja,"92,253",Ad
905,Volunteer Marek,"92,246","AP, ECo, Rv, Ro"
906,EEng,"92,241","EFH, AP, ECo, N, Rv, TE"
907,Dodger67,"92,186","AP, Ad"
908,Wetman,"92,066","AP, ECo, Rv, Ro"
909,Raymarcbadz,"92,007","AP, ECo, IP"
910,Giraffedata,"91,990","ECo, Rv"
911,Hu12,"91,877",
912,Swpb,"91,747","AP, ECo, N, Rv"
913,DerHexer,"91,729",Ad
914,Jessicapierce,"91,710",ECo
915,Kvng,"91,665","ECo, N"
916,Bohemian Baltimore,"91,606","AP, ECo"
917,Invertzoo,"91,479","AP, ECo, Ro"
918,ExRat,"91,428","AP, ECo"
919,SiefkinDR,"91,380","AP, ECo, Rv"
920,SummerPhD,"91,322","ECo, Ro"
921,MelanieN,"91,246","AP, Ad"
922,CommanderWaterford,"91,203","ECo, Rv, Ro"
923,Greyhood,"91,196","AP, Rv, Ro"
924,Vincelord,"91,075",ECo
925,Shyamal,"91,060","AP, Ad"
926,Postdlf,"91,047",Ad
927,Amakuru,"90,954","AP, Ad"
928,Oronsay,"90,832","AP, EvCo, ECo, EM, Rv"
929,Gregbard,"90,738","ECo, Rv"
930,RJHall,"90,673","AP, Rv"
931,Izno,"90,465","Ch, IAd, O, Ad"
932,SnapSnap,"90,463","ECo, Rv"
933,Chris j wood,"90,442","AP, ECo"
934,Beagel,"90,411","AP, ECo, Rv, Ro"
935,Kevinalewis,"90,408","AP, ECo, Rv"
936,Renamed user mou89p43twvqcvm8ut9w3,"90,395",
937,Jrooster49,"90,308",ECo
938,YUL89YYZ,"90,307","AP, ECo, Rv"
939,Neils51,"90,221",ECo
940,Bubba73,"90,118","AP, ECo, Rv, Ro"
941,ReaderofthePack,"90,103","AP, Ad"
942,Kind Tennis Fan,"90,102","ECo, Rv"
943,Gene Nygaard,"90,047",ECo
944,Mvcg66b3r,"90,003",ECo
945,Softlavender,"90,000","AP, ECo, Rv, Ro"
946,Sergecross73,"89,991",Ad
947,Skookum1,"89,945",AP
948,Thryduulf,"89,903","O, Ad"
949,Joe Vitale 5,"89,892",ECo
950,Peacemaker67,"89,760","AP, Ad"
951,Download,"89,728",
952,GPL93,"89,609","AP, ECo"
953,Anythingyouwant,"89,551","ECo, Rv, TE"
954,Wknight94,"89,452",ECo
955,Ghirlandajo,"89,443","AP, ECo, Rv"
956,Gareth Griffith-Jones,"89,432","ECo, Rv, Ro"
957,Vanisaac,"89,320","AP, ECo"
958,Spinningspark,"89,216",
959,Fenix down,"89,155","AP, Ad"
960,SteveMc25,"89,120",ECo
961,Plasticspork,"89,098",ECo
962,J Greb,"89,090",
963,Gamaliel,"89,077","EFM, AP, Ad"
964,Jmabel,"88,936","AP, Ad"
965,Jeanne boleyn,"88,920","AP, ECo, Rv, Ro"
966,Gidonb,"88,858","AP, ECo"
967,Dirtlawyer1,"88,853","AP, ECo, F, Rv, Ro"
968,David Biddulph,"88,712","AP, ECo, Rv, Ro"
969,The wub,"88,606",Ad
970,MrSchimpf,"88,566","ECo, F, IP, Rv, Ro"
971,[Placeholder],"88,554",
972,StuRat,"88,546","ECo, Rv"
973,Aoba47,"88,494","AP, ECo, Rv"
974,Smalljim,"88,444","EFM, Ad"
975,GVnayR,"88,191",ECo
976,Tim riley,"88,185","AP, ECo, Rv, Ro"
977,The-Pope,"88,065","AP, ECo, EM, N, Rv, Ro, TE"
978,Hike395,"87,963","AP, ECo, Rv, Ro, TE"
979,Vaselineeeeeeee,"87,690","AP, ECo, EM, N, Rv, Ro"
980,Soman,"87,683","AP, ECo, IP, Rv"
981,Blanchardb,"87,668","ECo, Rv, Ro"
982,Jprg1966,"87,598","ECo, Rv, Ro"
983,Zombie433,"87,593",
984,Jengod,"87,590","AP, ECo"
985,Knowledgekid87,"87,551","ECo, Rv, Ro"
986,Finnusertop,"87,256","AP, ECo"
987,Jagged 85,"87,237",
988,Headhitter,"87,191","AP, ECo, Ro"
989,Infrogmation,"87,165",Ad
990,TakuyaMurata,"87,160","ECo, IP, Rv"
991,Bashereyre,"87,064","AP, ECo, Rv"
992,Inter&anthro,"86,977",ECo
993,Robby,"86,963",ECo
994,Betacommand,"86,927",
995,"Crouch, Swale","86,836",ECo
996,ShakespeareFan00,"86,605",ECo
997,Hafspajen,"86,543","ECo, Rv, Ro"
998,Sander.v.Ginkel,"86,501","ECo, Rv"
999,Elinruby,"86,476",ECo
1000,YellowMonkey,"86,443",
